d,g50,g1M
10,-0.7192258297420505,-0.7192258297420505
10,-0.7262673156549196,-0.7262673156549196
10,-0.7278772813453709,-0.7278772813453709
10,-0.722209062972711,-0.722209062972711
10,-0.727512912220042,-0.727512912220042
10,-0.597069167772297,-0.597069167772297
10,-0.6045379621445622,-0.6045379621445622
10,-0.618063302561916,-0.618063302561916
10,-0.6194280860149782,-0.6194280860149782
10,-0.615817233106147,-0.615817233106147
10,-0.7562500570872501,-0.7562500570872501
10,-0.7282866761508603,-0.7282866761508603
10,-0.726539065816355,-0.726539065816355
10,-0.7220999328621492,-0.7220999328621492
10,-0.7251324490267528,-0.7251324490267528
10,-0.6591583271417834,-0.6591583271417834
10,-0.6904056371333066,-0.6904056371333066
10,-0.6922041764955567,-0.6922041764955567
10,-0.6928103243797118,-0.6928103243797118
10,-0.7201171058218001,-0.7201171058218001
10,-0.7024318989069279,-0.7024318989069279
10,-0.7021002621974644,-0.7021002621974644
10,-0.6976071251432759,-0.6976071251432759
10,-0.7008259432586565,-0.7008259432586565
10,-0.6986634352979565,-0.6986634352979565
10,-0.6942090053683224,-0.6942090053683224
10,-0.6904496719130118,-0.6904496719130118
10,-0.6889648277437425,-0.6889648277437425
10,-0.6269970723285243,-0.6269970723285243
10,-0.6257307723124194,-0.6257307723124194
10,-0.6281113809351104,-0.6281113809351104
10,-0.6194691440676193,-0.6194691440676193
10,-0.6046689958757553,-0.6046689958757553
10,-0.6051238031660823,-0.6051238031660823
10,-0.6027065859725411,-0.6027065859725411
10,-0.6002089734047459,-0.6002089734047459
10,-0.673280760233349,-0.673280760233349
10,-0.6685703920335782,-0.6685703920335782
10,-0.6667943438983369,-0.6667943438983369
10,-0.6642287091727623,-0.6642287091727623
10,-0.6891625575187067,-0.6891625575187067
10,-0.6824909718386958,-0.6824909718386958
10,-0.6831257109258138,-0.6831257109258138
10,-0.6788404683392204,-0.6788404683392204
10,-0.3497677888429936,-0.3497677888429936
10,-0.3514176221334792,-0.3514176221334792
10,-0.3564806804333696,-0.3564806804333696
10,-0.3621622283800614,-0.3621622283800614
10,-0.364951595796675,-0.364951595796675
10,-0.3651361765358174,-0.3651361765358174
10,-0.3699271011405933,-0.3699271011405933
10,-0.3740264216895888,-0.3740264216895888
10,-0.3607713446572624,-0.3607713446572624
10,-0.3743424625859742,-0.3743424625859742
10,-0.3756945459670893,-0.3756945459670893
10,-0.3741494933863528,-0.3741494933863528
10,-0.3825851580239706,-0.3825851580239706
10,-0.3875508145134597,-0.3875508145134597
10,-0.3883290823384753,-0.3883290823384753
10,-0.3882285156264988,-0.3882285156264988
10,-0.3972730609314777,-0.3972730609314777
10,-0.4025057450657387,-0.4025057450657387
10,-0.4257855849199801,-0.4257855849199801
10,-0.7143162164097449,-0.7143162164097449
10,-0.7274346258755768,-0.7274346258755768
10,-0.739045324867057,-0.739045324867057
10,-0.7448832560719171,-0.7448832560719171
10,-0.756526560198208,-0.756526560198208
10,-0.7060906987402643,-0.7060906987402643
10,-0.7489292096309553,-0.7489292096309553
10,-0.748368803455843,-0.748368803455843
10,-0.7447798028662328,-0.7447798028662328
10,-0.5667684358271772,-0.5667684358271772
10,-0.5680193158698497,-0.5680193158698497
10,-0.5630311580955064,-0.5630311580955064
10,-0.5695103070633953,-0.5695103070633953
10,-0.572021505813285,-0.572021505813285
10,-0.5658595398325411,-0.5658595398325411
10,-0.722225923235069,-0.722225923235069
10,-0.7304644928765924,-0.7304644928765924
10,-0.7470612500714817,-0.7470612500714817
10,-0.7530840715429004,-0.7530840715429004
10,-0.7618417901793875,-0.7618417901793875
10,-0.752877289174396,-0.752877289174396
10,-0.7657580511918416,-0.7657580511918416
10,-0.7728290922258994,-0.7728290922258994
10,-0.7685115724884908,-0.7685115724884908
10,-0.7748289861544099,-0.7748289861544099
10,-0.7854451669214558,-0.7854451669214558
10,-0.7733812011147172,-0.7733812011147172
10,-0.6937080837073251,-0.6937080837073251
10,-0.7003654627981956,-0.7003654627981956
10,-0.6987259255000979,-0.6987259255000979
10,-0.7041502350772947,-0.7041502350772947
10,-0.7314301109346286,-0.7314301109346286
10,-0.6862532610642279,-0.6862532610642279
10,-0.7220037890562522,-0.7220037890562522
10,-0.7488432622991403,-0.7488432622991403
10,-0.7339311454297681,-0.7339311454297681
10,-0.7313826140045174,-0.7313826140045174
10,-0.7325337147193118,-0.7325337147193118
10,-0.6763368551408202,-0.6763368551408202
10,-0.7005068050852897,-0.7005068050852897
10,-0.6919716437991026,-0.6919716437991026
10,-0.6926221230003848,-0.6926221230003848
10,-0.6924978095444659,-0.6924978095444659
10,-0.763873758918007,-0.763873758918007
10,-0.8032400047218009,-0.8032400047218009
10,-0.7764261603560481,-0.7764261603560481
10,-0.7758592541761031,-0.7758592541761031
10,-0.7720917000642722,-0.7720917000642722
10,-0.7596279437427241,-0.7596279437427241
10,-0.78843795433275,-0.78843795433275
10,-0.7672049516476958,-0.7672049516476958
10,-0.7654251257815635,-0.7654251257815635
10,-0.7662566435693106,-0.7662566435693106
10,-0.7500700560322305,-0.7500700560322305
10,-0.7783193716067666,-0.7783193716067666
10,-0.7586612098632134,-0.7586612098632134
10,-0.7583255780516033,-0.7583255780516033
10,-0.7568001852161247,-0.7568001852161247
10,-0.6991435726560893,-0.6991435726560893
10,-0.7226293883097864,-0.7226293883097864
10,-0.7096486293705467,-0.7096486293705467
10,-0.710940839671347,-0.710940839671347
10,-0.7098810529656209,-0.7098810529656209
10,-0.7877651848697137,-0.7877651848697137
10,-0.800952740797708,-0.800952740797708
10,-0.7953125928665252,-0.7953125928665252
10,-0.7931733695644009,-0.7931733695644009
10,-0.7336287221181782,-0.7336287221181782
10,-0.743632507740695,-0.743632507740695
10,-0.7465852242772728,-0.7465852242772728
10,-0.7379808290146239,-0.7379808290146239
10,-0.749174652210615,-0.749174652210615
10,-0.7456648951183,-0.7456648951183
10,-0.7575473859186296,-0.7575473859186296
10,-0.7604927130107342,-0.7604927130107342
10,-0.7499543900118165,-0.7499543900118165
10,-0.7350698179032684,-0.7350698179032684
10,-0.7336939907239763,-0.7336939907239763
10,-0.7429996946203049,-0.7429996946203049
10,-0.7421162016878673,-0.7421162016878673
10,-0.738194137742212,-0.738194137742212
10,-0.7268474325256467,-0.7268474325256467
10,-0.7251803856526872,-0.7251803856526872
10,-0.7331226141491253,-0.7331226141491253
10,-0.7344956166455869,-0.7344956166455869
10,-0.7287559019304048,-0.7287559019304048
10,-0.7229750118753082,-0.7229750118753082
10,-0.7209096039425127,-0.7209096039425127
10,-0.7279786058041336,-0.7279786058041336
10,-0.7323911503673387,-0.7323911503673387
10,-0.7229681157906996,-0.7229681157906996
10,-0.5842336802797514,-0.5842336802797514
10,-0.5773326463888887,-0.5773326463888887
10,-0.5584517896296691,-0.5584517896296691
10,-0.5854077378120494,-0.5854077378120494
10,-0.6107415861566436,-0.6107415861566436
10,-0.5882527541285576,-0.5882527541285576
10,-0.5938192258786361,-0.5938192258786361
10,-0.5838285801344296,-0.5838285801344296
10,-0.5723137936252792,-0.5723137936252792
10,-0.716207182192789,-0.716207182192789
10,-0.6901399208067264,-0.6901399208067264
10,-0.6920077230670094,-0.6920077230670094
10,-0.6913817132664957,-0.6913817132664957
10,-0.7149335931206113,-0.7149335931206113
10,-0.6927085766044928,-0.6927085766044928
10,-0.7283668259297595,-0.7283668259297595
10,-0.7018390480002069,-0.7018390480002069
10,-0.7035178164266577,-0.7035178164266577
10,-0.7029233124844605,-0.7029233124844605
10,-0.7278356348526313,-0.7278356348526313
10,-0.7028240459857208,-0.7028240459857208
10,-0.6116735031112812,-0.6116735031112812
10,-0.5917211713617543,-0.5917211713617543
10,-0.5922327380518156,-0.5922327380518156
10,-0.596074283517625,-0.596074283517625
10,-0.6133815650445428,-0.6133815650445428
10,-0.600637865591365,-0.600637865591365
10,-0.3442083281829635,-0.3442083281829635
10,-0.3520142524579953,-0.3520142524579953
10,-0.3478217140967804,-0.3478217140967804
10,-0.3516745855994371,-0.3516745855994371
10,-0.3565037680443527,-0.3565037680443527
10,-0.3616674068717294,-0.3616674068717294
10,-0.3588214241015616,-0.3588214241015616
10,-0.3608498965514986,-0.3608498965514986
10,-0.3442170686914797,-0.3442170686914797
10,-0.353377299910618,-0.353377299910618
10,-0.3481092793065298,-0.3481092793065298
10,-0.3531728821710419,-0.3531728821710419
10,-0.3676523341754966,-0.3676523341754966
10,-0.3743205460043042,-0.3743205460043042
10,-0.3694912878704376,-0.3694912878704376
10,-0.3733341344553925,-0.3733341344553925
10,-0.3966467040390602,-0.3966467040390602
10,-0.403265814152792,-0.403265814152792
10,-0.3998018522441145,-0.3998018522441145
10,-0.4029590399146439,-0.4029590399146439
10,-0.6291142353769641,-0.6291142353769641
10,-0.6297476744692463,-0.6297476744692463
10,-0.6312708655789412,-0.6312708655789412
10,-0.7309434143076557,-0.7309434143076557
10,-0.7279034610811163,-0.7279034610811163
10,-0.7340792449475879,-0.7340792449475879
10,-0.6949357676947754,-0.6949357676947754
10,-0.7280723558404018,-0.7280723558404018
10,-0.7256360769989526,-0.7256360769989526
10,-0.7243740459708513,-0.7243740459708513
10,-0.7061636212649471,-0.7061636212649471
10,-0.7022640452444376,-0.7022640452444376
10,-0.708070692442614,-0.708070692442614
10,-0.7114600191541223,-0.7114600191541223
10,-0.650418469568312,-0.650418469568312
10,-0.6673229309577088,-0.6673229309577088
10,-0.6814044582570488,-0.6814044582570488
10,-0.6686725392418801,-0.6686725392418801
10,-0.7369804809670418,-0.7369804809670418
10,-0.7481333915598735,-0.7481333915598735
10,-0.7430868465978326,-0.7430868465978326
10,-0.7640030913528238,-0.7640030913528238
10,-0.7431175959476463,-0.7431175959476463
10,-0.6752400973449862,-0.6752400973449862
10,-0.6838884172288775,-0.6838884172288775
10,-0.677913833138027,-0.677913833138027
10,-0.6890211007061161,-0.6890211007061161
10,-0.6806318148101933,-0.6806318148101933
10,-0.7494146551068539,-0.7494146551068539
10,-0.7282001190479739,-0.7282001190479739
10,-0.7231083947483863,-0.7231083947483863
10,-0.7360073125700232,-0.7360073125700232
10,-0.7237239197596242,-0.7237239197596242
10,-0.7276907682038924,-0.7276907682038924
10,-0.7260156622239408,-0.7260156622239408
10,-0.7283055397649403,-0.7283055397649403
10,-0.7273526947375131,-0.7273526947375131
10,-0.728865875589563,-0.728865875589563
10,-0.73391393977429,-0.73391393977429
10,-0.7277715328304417,-0.7277715328304417
10,-0.732580625816361,-0.732580625816361
10,-0.7319070825748162,-0.7319070825748162
10,-0.7296001329889108,-0.7296001329889108
10,-0.7207849158984558,-0.7207849158984558
10,-0.7172508952693968,-0.7172508952693968
10,-0.7198223059700559,-0.7198223059700559
10,-0.7182200757876319,-0.7182200757876319
10,-0.7186795239469229,-0.7186795239469229
10,-0.7013613695612103,-0.7013613695612103
10,-0.7007760528213037,-0.7007760528213037
10,-0.70211898112068,-0.70211898112068
10,-0.6995009001555833,-0.6995009001555833
10,-0.6998316277835073,-0.6998316277835073
10,-0.725580231614098,-0.725580231614098
10,-0.7210501055204007,-0.7210501055204007
10,-0.7257141628313055,-0.7257141628313055
10,-0.7213715854301733,-0.7213715854301733
10,-0.7213646373469118,-0.7213646373469118
10,-0.3828590680009601,-0.3828590680009601
10,-0.3922749429530297,-0.3922749429530297
10,-0.3779524987195705,-0.3779524987195705
10,-0.3845417009918484,-0.3845417009918484
10,-0.3761509581469539,-0.3761509581469539
10,-0.4282596429412637,-0.4282596429412637
10,-0.4352984040144087,-0.4352984040144087
10,-0.4245424433439549,-0.4245424433439549
10,-0.4302052121650164,-0.4302052121650164
10,-0.4235836442223789,-0.4235836442223789
10,-0.4199790431831442,-0.4199790431831442
10,-0.4257995033945439,-0.4257995033945439
10,-0.4161916569925691,-0.4161916569925691
10,-0.4218109261990547,-0.4218109261990547
10,-0.4139249336476513,-0.4139249336476513
10,-0.4201319841859403,-0.4201319841859403
10,-0.4243233323273863,-0.4243233323273863
10,-0.4179300512756036,-0.4179300512756036
10,-0.4221811734739898,-0.4221811734739898
10,-0.4171038814605506,-0.4171038814605506
10,-0.4448621854247538,-0.4448621854247538
10,-0.4486943906755841,-0.4486943906755841
10,-0.4420842413971689,-0.4420842413971689
10,-0.4465432329055259,-0.4465432329055259
10,-0.440479516476117,-0.440479516476117
10,-0.4423824564311875,-0.4423824564311875
10,-0.4498102416928076,-0.4498102416928076
10,-0.6428650417610335,-0.6428650417610335
10,-0.6790007193228241,-0.6790007193228241
10,-0.6437113618994909,-0.6437113618994909
10,-0.6570745388594355,-0.6570745388594355
10,-0.655316306790371,-0.655316306790371
10,-0.6591159943692726,-0.6591159943692726
10,-0.7191153967867048,-0.7191153967867048
10,-0.6868553375227654,-0.6868553375227654
10,-0.7255814931578888,-0.7255814931578888
10,-0.7211615176688058,-0.7211615176688058
10,-0.7246631613924303,-0.7246631613924303
10,-0.7220461759359201,-0.7220461759359201
10,-0.7042892552922264,-0.7042892552922264
10,-0.7037856566993828,-0.7037856566993828
10,-0.6856264881944033,-0.6856264881944033
10,-0.7311392877872561,-0.7311392877872561
10,-0.533102834815825,-0.533102834815825
10,-0.5307857473586856,-0.5307857473586856
10,-0.7525745643322408,-0.7525745643322408
10,-0.759331252935048,-0.759331252935048
10,-0.7578448862967978,-0.7578448862967978
10,-0.7478604857264631,-0.7478604857264631
10,-0.7592607903233909,-0.7592607903233909
10,-0.7459694814212428,-0.7459694814212428
10,-0.756900042065238,-0.756900042065238
10,-0.7602748675842957,-0.7602748675842957
10,-0.7587992365066588,-0.7587992365066588
10,-0.7481097266361588,-0.7481097266361588
10,-0.7555285511320317,-0.7555285511320317
10,-0.6924318005581903,-0.6924318005581903
10,-0.7000686190595489,-0.7000686190595489
10,-0.7023039054701228,-0.7023039054701228
10,-0.7015653017326511,-0.7015653017326511
10,-0.6985970936500705,-0.6985970936500705
10,-0.7007811572319778,-0.7007811572319778
10,-0.7544405875783916,-0.7544405875783916
10,-0.7622313343993565,-0.7622313343993565
10,-0.7683461975974577,-0.7683461975974577
10,-0.7667925903880389,-0.7667925903880389
10,-0.7572119509158881,-0.7572119509158881
10,-0.7574220302941413,-0.7574220302941413
10,-0.769366418008743,-0.769366418008743
10,-0.7754754859439109,-0.7754754859439109
10,-0.7813506745032996,-0.7813506745032996
10,-0.7777960314516609,-0.7777960314516609
10,-0.7692989826796143,-0.7692989826796143
10,-0.7710154037965862,-0.7710154037965862
10,-0.6734157389409352,-0.6734157389409352
10,-0.6672150201877238,-0.6672150201877238
10,-0.7007807186313666,-0.7007807186313666
10,-0.6767813054969847,-0.6767813054969847
10,-0.7831625098537157,-0.7831625098537157
10,-0.8010185248817161,-0.8010185248817161
10,-0.7909199597973708,-0.7909199597973708
10,-0.8312675910597229,-0.8312675910597229
10,-0.7830464676263357,-0.7830464676263357
10,-0.7988253177080293,-0.7988253177080293
10,-0.6126711634487858,-0.6126711634487858
10,-0.625390617822423,-0.625390617822423
10,-0.6142291744839286,-0.6142291744839286
10,-0.6445887674925076,-0.6445887674925076
10,-0.6275884343945858,-0.6275884343945858
10,-0.6404644583278531,-0.6404644583278531
10,-0.766175607514755,-0.766175607514755
10,-0.7571097353693859,-0.7571097353693859
10,-0.7916208424288442,-0.7916208424288442
10,-0.7482270468899369,-0.7482270468899369
10,-0.7684022807354633,-0.7684022807354633
10,-0.7183928478343297,-0.7183928478343297
10,-0.7299941372703961,-0.7299941372703961
10,-0.7270866339673173,-0.7270866339673173
10,-0.750116102932595,-0.750116102932595
10,-0.717999701442251,-0.717999701442251
10,-0.7357940423447371,-0.7357940423447371
10,-0.7548389518120338,-0.7548389518120338
10,-0.768044075795866,-0.768044075795866
10,-0.7638264152854635,-0.7638264152854635
10,-0.7885945560148769,-0.7885945560148769
10,-0.7538192809517541,-0.7538192809517541
10,-0.7732911356103295,-0.7732911356103295
10,-0.5758070912052502,-0.5758070912052502
10,-0.5845624718975984,-0.5845624718975984
10,-0.5818314334398775,-0.5818314334398775
10,-0.5936383720368347,-0.5936383720368347
10,-0.5934518961099641,-0.5934518961099641
10,-0.3553878281708912,-0.3553878281708912
10,-0.3286214177121161,-0.3286214177121161
10,-0.3780183989087309,-0.3780183989087309
10,-0.3746888880381151,-0.3746888880381151
10,-0.3771460862883545,-0.3771460862883545
10,-0.4508968167198562,-0.4508968167198562
10,-0.3771034515845621,-0.3771034515845621
10,-0.3886737985480828,-0.3886737985480828
10,-0.4489587014531975,-0.4489587014531975
10,-0.3863008114495014,-0.3863008114495014
10,-0.3876716563188716,-0.3876716563188716
10,-0.4078676584208622,-0.4078676584208622
10,-0.3538825826202632,-0.3538825826202632
10,-0.3601956715505777,-0.3601956715505777
10,-0.3552452016782954,-0.3552452016782954
10,-0.3889935783518375,-0.3889935783518375
10,-0.3926481217012015,-0.3926481217012015
10,-0.3328410336856073,-0.3328410336856073
10,-0.3858088720737094,-0.3858088720737094
10,-0.3753420823337311,-0.3753420823337311
10,-0.375514198929166,-0.375514198929166
10,-0.3902661247296152,-0.3902661247296152
10,-0.3920739386857125,-0.3920739386857125
10,-0.3760000389099602,-0.3760000389099602
10,-0.3908978770235906,-0.3908978770235906
10,-0.3935369887172216,-0.3935369887172216
10,-0.7608079315792009,-0.7608079315792009
10,-0.7637618845287797,-0.7637618845287797
10,-0.7656870363694352,-0.7656870363694352
10,-0.7609504917024092,-0.7609504917024092
10,-0.7601994043850788,-0.7601994043850788
10,-0.7707610122254522,-0.7707610122254522
10,-0.5974443002051618,-0.5974443002051618
10,-0.6012541314528829,-0.6012541314528829
10,-0.6070539587621322,-0.6070539587621322
10,-0.6094078340753818,-0.6094078340753818
10,-0.6105573438059,-0.6105573438059
10,-0.6227777307277861,-0.6227777307277861
10,-0.7230907479428872,-0.7230907479428872
10,-0.7231789863889972,-0.7231789863889972
10,-0.7267986161599894,-0.7267986161599894
10,-0.7237147078551136,-0.7237147078551136
10,-0.7226617947132433,-0.7226617947132433
10,-0.731153578473887,-0.731153578473887
10,-0.7465973446196648,-0.7465973446196648
10,-0.7398248337650881,-0.7398248337650881
10,-0.7502712892378806,-0.7502712892378806
10,-0.7711851159533203,-0.7711851159533203
10,-0.784120958130364,-0.784120958130364
10,-0.7895896896532847,-0.7895896896532847
10,-0.7065748001127738,-0.7065748001127738
10,-0.7041568493101968,-0.7041568493101968
10,-0.7032352504430459,-0.7032352504430459
10,-0.7122119183898122,-0.7122119183898122
10,-0.7072422286674832,-0.7072422286674832
10,-0.710577540521248,-0.710577540521248
10,-0.3456406774609944,-0.3456406774609944
10,-0.3544376172856065,-0.3544376172856065
10,-0.3443203707805846,-0.3443203707805846
10,-0.3421636309970791,-0.3421636309970791
10,-0.3685615668579751,-0.3685615668579751
10,-0.4158500296872215,-0.4158500296872215
10,-0.364506834102367,-0.364506834102367
10,-0.3567391241594964,-0.3567391241594964
10,-0.4116874548386063,-0.4116874548386063
10,-0.3541676844098196,-0.3541676844098196
10,-0.34493862458349,-0.34493862458349
10,-0.6765561723164373,-0.6765561723164373
10,-0.6855572211786071,-0.6855572211786071
10,-0.6828872855620627,-0.6828872855620627
10,-0.6854091434333233,-0.6854091434333233
10,-0.5906875909809417,-0.5906875909809417
10,-0.600951480083031,-0.600951480083031
10,-0.5959620285163687,-0.5959620285163687
10,-0.5981751652132353,-0.5981751652132353
10,-0.5959915176507594,-0.5959915176507594
10,-0.7503271289691226,-0.7503271289691226
10,-0.752814765037538,-0.752814765037538
10,-0.7210358493832273,-0.7210358493832273
10,-0.6123720071644998,-0.6123720071644998
10,-0.6228254830174158,-0.6228254830174158
10,-0.6225009039297065,-0.6225009039297065
10,-0.6400037127215366,-0.6400037127215366
10,-0.7182014992027413,-0.7182014992027413
10,-0.6999257477023576,-0.6999257477023576
10,-0.6984501981853946,-0.6984501981853946
10,-0.6281835323926643,-0.6281835323926643
10,-0.637881243498834,-0.637881243498834
10,-0.6349767717525283,-0.6349767717525283
10,-0.6326878911961175,-0.6326878911961175
10,-0.6373719553762403,-0.6373719553762403
10,-0.7791513732351748,-0.7791513732351748
10,-0.7810930817608054,-0.7810930817608054
10,-0.7881360604542228,-0.7881360604542228
10,-0.7481679734915374,-0.7481679734915374
10,-0.7759747231531028,-0.7759747231531028
10,-0.781805211416136,-0.781805211416136
10,-0.7513691073595475,-0.7513691073595475
10,-0.7616483422678935,-0.7616483422678935
10,-0.7229614655804937,-0.7229614655804937
10,-0.7050973075361018,-0.7050973075361018
10,-0.6971909674961705,-0.6971909674961705
10,-0.7057150810205551,-0.7057150810205551
10,-0.7016140987745664,-0.7016140987745664
10,-0.7307202295734975,-0.7307202295734975
10,-0.7411492022345983,-0.7411492022345983
10,-0.7297996133350348,-0.7297996133350348
10,-0.7668629356963234,-0.7668629356963234
10,-0.7636707326233882,-0.7636707326233882
10,-0.7609685699520712,-0.7609685699520712
10,-0.7514884027772484,-0.7514884027772484
10,-0.5046417884576229,-0.5046417884576229
10,-0.5003335486976542,-0.5003335486976542
10,-0.5008840620187014,-0.5008840620187014
10,-0.4926890979788993,-0.4926890979788993
10,-0.6935479456656379,-0.6935479456656379
10,-0.6902601301494591,-0.6902601301494591
10,-0.6885951606617013,-0.6885951606617013
10,-0.6838395385090956,-0.6838395385090956
10,-0.7025313363331178,-0.7025313363331178
10,-0.700173955952224,-0.700173955952224
10,-0.6997920158413427,-0.6997920158413427
10,-0.6928503834268327,-0.6928503834268327
10,-0.7502337708048824,-0.7502337708048824
10,-0.753709969665006,-0.753709969665006
10,-0.7582677758842084,-0.7582677758842084
10,-0.7616073042046382,-0.7616073042046382
10,-0.7688210647002949,-0.7688210647002949
10,-0.7539835228917326,-0.7539835228917326
10,-0.7136400579619975,-0.7136400579619975
10,-0.7159801711428705,-0.7159801711428705
10,-0.718205909343551,-0.718205909343551
10,-0.7225063571847605,-0.7225063571847605
10,-0.7356205476719532,-0.7356205476719532
10,-0.7138819919382458,-0.7138819919382458
10,-0.7094609428262727,-0.7094609428262727
10,-0.7128920427201718,-0.7128920427201718
10,-0.7149344414415068,-0.7149344414415068
10,-0.7159221641936266,-0.7159221641936266
10,-0.7497258619165029,-0.7497258619165029
10,-0.7086072182421772,-0.7086072182421772
10,-0.7194851259059493,-0.7194851259059493
10,-0.7216502620402373,-0.7216502620402373
10,-0.7235057791967728,-0.7235057791967728
10,-0.7253422218467532,-0.7253422218467532
10,-0.7476300874085303,-0.7476300874085303
10,-0.7196913283447524,-0.7196913283447524
10,-0.7074674081739842,-0.7074674081739842
10,-0.7101437367733321,-0.7101437367733321
10,-0.7116258155609325,-0.7116258155609325
10,-0.7131868649478079,-0.7131868649478079
10,-0.7341706877221683,-0.7341706877221683
10,-0.7093820688478368,-0.7093820688478368
10,-0.6129624230669081,-0.6129624230669081
10,-0.616001170417818,-0.616001170417818
10,-0.6142880031282202,-0.6142880031282202
10,-0.6196080633524457,-0.6196080633524457
10,-0.6399921789425624,-0.6399921789425624
10,-0.617911359504421,-0.617911359504421
10,-0.7570609905485083,-0.7570609905485083
10,-0.7585100349860666,-0.7585100349860666
10,-0.7697385579993158,-0.7697385579993158
10,-0.7606863054108902,-0.7606863054108902
10,-0.7568734474177639,-0.7568734474177639
10,-0.6065148160856303,-0.6065148160856303
10,-0.6090868587721394,-0.6090868587721394
10,-0.6204343700256203,-0.6204343700256203
10,-0.6191858007729554,-0.6191858007729554
10,-0.6120373433469234,-0.6120373433469234
10,-0.6252286416950754,-0.6252286416950754
10,-0.6255253029889138,-0.6255253029889138
10,-0.6347485948854545,-0.6347485948854545
10,-0.6320169577264731,-0.6320169577264731
10,-0.6212825598867242,-0.6212825598867242
10,-0.6450302645945217,-0.6450302645945217
10,-0.6433521173053266,-0.6433521173053266
10,-0.6551117562509345,-0.6551117562509345
10,-0.6484414889805227,-0.6484414889805227
10,-0.6403682496697172,-0.6403682496697172
10,-0.7388241040169469,-0.7388241040169469
10,-0.7372642389209497,-0.7372642389209497
10,-0.7476140957431924,-0.7476140957431924
10,-0.7378223699649905,-0.7378223699649905
10,-0.7324923141949237,-0.7324923141949237
10,-0.5217431797907424,-0.5217431797907424
10,-0.7425429790172516,-0.7425429790172516
10,-0.7491647869438471,-0.7491647869438471
10,-0.7478360466348621,-0.7478360466348621
10,-0.7498821023698009,-0.7498821023698009
10,-0.7563694370030029,-0.7563694370030029
10,-0.7467134376334024,-0.7467134376334024
10,-0.7221606381387053,-0.7221606381387053
10,-0.7282899903968605,-0.7282899903968605
10,-0.7265379341071204,-0.7265379341071204
10,-0.7271565105857103,-0.7271565105857103
10,-0.737935794703483,-0.737935794703483
10,-0.7238336943895569,-0.7238336943895569
10,-0.733885188402791,-0.733885188402791
10,-0.738803334643478,-0.738803334643478
10,-0.7380930067196376,-0.7380930067196376
10,-0.7394457003799078,-0.7394457003799078
10,-0.7438583816736706,-0.7438583816736706
10,-0.7372685027071785,-0.7372685027071785
10,-0.7292845410158196,-0.7292845410158196
10,-0.7340078179689722,-0.7340078179689722
10,-0.7330009390290226,-0.7330009390290226
10,-0.7335845809869262,-0.7335845809869262
10,-0.740104351404599,-0.740104351404599
10,-0.7315813795789838,-0.7315813795789838
10,-0.7660772594684603,-0.7660772594684603
10,-0.7646323970604231,-0.7646323970604231
10,-0.7603171996728099,-0.7603171996728099
10,-0.7674284374224514,-0.7674284374224514
10,-0.6920361424551386,-0.6920361424551386
10,-0.6938932757775763,-0.6938932757775763
10,-0.6914361301824794,-0.6914361301824794
10,-0.6996781471593584,-0.6996781471593584
10,-0.7626094104576476,-0.7626094104576476
10,-0.7648316846788126,-0.7648316846788126
10,-0.8048315420612798,-0.8048315420612798
10,-0.8056481836659617,-0.8056481836659617
10,-0.7393515437483871,-0.7393515437483871
10,-0.7764498828582027,-0.7764498828582027
10,-0.7737916283289109,-0.7737916283289109
10,-0.7763869950008586,-0.7763869950008586
10,-0.6872514341878146,-0.6872514341878146
10,-0.7558915216695036,-0.7558915216695036
10,-0.7543551529121282,-0.7543551529121282
10,-0.7561921756625751,-0.7561921756625751
10,-0.7368568511196747,-0.7368568511196747
10,-0.738460516027959,-0.738460516027959
10,-0.7337999432830214,-0.7337999432830214
10,-0.7401277347335176,-0.7401277347335176
10,-0.7831426085955542,-0.7831426085955542
10,-0.7799655709128173,-0.7799655709128173
10,-0.7563890411853081,-0.7563890411853081
10,-0.7489258661405631,-0.7489258661405631
10,-0.7518745680007743,-0.7518745680007743
10,-0.5499451436816801,-0.5499451436816801
10,-0.5475238274741371,-0.5475238274741371
10,-0.5423773279389703,-0.5423773279389703
10,-0.5403345518103913,-0.5403345518103913
10,-0.5390330568807767,-0.5390330568807767
10,-0.7319725986419628,-0.7319725986419628
10,-0.7084157470287282,-0.7084157470287282
10,-0.7662961808223833,-0.7662961808223833
10,-0.7472026880203816,-0.7472026880203816
10,-0.7324876136882148,-0.7324876136882148
10,-0.7398591159119466,-0.7398591159119466
10,-0.752302426850235,-0.752302426850235
10,-0.7432107106194191,-0.7432107106194191
10,-0.7203469028976143,-0.7203469028976143
10,-0.7257965005172176,-0.7257965005172176
10,-0.7546923514697679,-0.7546923514697679
10,-0.7448806327491658,-0.7448806327491658
10,-0.72884745848777,-0.72884745848777
10,-0.7247076435474556,-0.7247076435474556
10,-0.7268072154942815,-0.7268072154942815
10,-0.7780270974050087,-0.7780270974050087
10,-0.7712960769913547,-0.7712960769913547
10,-0.7661543950439925,-0.7661543950439925
10,-0.7725002924145907,-0.7725002924145907
10,-0.7658472107698124,-0.7658472107698124
10,-0.784962068689957,-0.784962068689957
10,-0.6712066265878556,-0.6712066265878556
10,-0.7553701984232205,-0.7553701984232205
10,-0.6969328289842417,-0.6969328289842417
10,-0.7048867227873001,-0.7048867227873001
10,-0.706316743152741,-0.706316743152741
10,-0.7386706616776737,-0.7386706616776737
10,-0.7095924715795302,-0.7095924715795302
10,-0.7420265319454604,-0.7420265319454604
10,-0.7543847818222732,-0.7543847818222732
10,-0.749265887012041,-0.749265887012041
10,-0.7490973392818122,-0.7490973392818122
10,-0.7384062385917762,-0.7384062385917762
10,-0.7375237450026442,-0.7375237450026442
10,-0.7093062210284875,-0.7093062210284875
10,-0.7264379765035283,-0.7264379765035283
10,-0.7431063158000912,-0.7431063158000912
10,-0.786855367645,-0.786855367645
10,-0.7819234759266187,-0.7819234759266187
10,-0.7760519435416355,-0.7760519435416355
10,-0.7840014203347012,-0.7840014203347012
10,-0.7787343089954385,-0.7787343089954385
10,-0.7826080268189373,-0.7826080268189373
10,-0.7834313325580887,-0.7834313325580887
10,-0.7800504202724722,-0.7800504202724722
10,-0.7728755652698007,-0.7728755652698007
10,-0.7788012934448776,-0.7788012934448776
10,-0.7783330590866254,-0.7783330590866254
10,-0.779817163785575,-0.779817163785575
10,-0.7697508439408913,-0.7697508439408913
10,-0.7887358269873425,-0.7887358269873425
10,-0.817316851791186,-0.817316851791186
10,-0.81577377232971,-0.81577377232971
10,-0.8160543856472061,-0.8160543856472061
10,-0.7224022063079943,-0.7224022063079943
10,-0.7002917579710772,-0.7002917579710772
10,-0.6959833602586817,-0.6959833602586817
10,-0.6923851730930732,-0.6923851730930732
10,-0.6929823740928983,-0.6929823740928983
10,-0.7536692204054124,-0.7536692204054124
10,-0.7507304191143034,-0.7507304191143034
10,-0.7830632926105973,-0.7830632926105973
10,-0.7797396579639881,-0.7797396579639881
10,-0.7406837639867805,-0.7406837639867805
10,-0.7195268249483695,-0.7195268249483695
10,-0.7181211078491612,-0.7181211078491612
10,-0.7109512407123336,-0.7109512407123336
10,-0.7176558783701489,-0.7176558783701489
10,-0.7368113649161345,-0.7368113649161345
10,-0.7219901362893588,-0.7219901362893588
10,-0.7783660563169269,-0.7783660563169269
10,-0.7754395668108379,-0.7754395668108379
10,-0.7777011641670902,-0.7777011641670902
10,-0.7470520805568545,-0.7470520805568545
10,-0.7501341596613659,-0.7501341596613659
10,-0.7547963924767418,-0.7547963924767418
10,-0.7537290583227031,-0.7537290583227031
10,-0.7495626675040137,-0.7495626675040137
10,-0.66533618740851,-0.66533618740851
10,-0.6693534793056947,-0.6693534793056947
10,-0.6747445693711568,-0.6747445693711568
10,-0.67114363423322,-0.67114363423322
10,-0.6487975400501729,-0.6487975400501729
10,-0.6517925198850417,-0.6517925198850417
10,-0.6570642613332855,-0.6570642613332855
10,-0.6602819750271856,-0.6602819750271856
10,-0.6543773473573617,-0.6543773473573617
10,-0.7172373154281496,-0.7172373154281496
10,-0.7189409539076784,-0.7189409539076784
10,-0.7232038658669547,-0.7232038658669547
10,-0.7209930145958435,-0.7209930145958435
10,-0.7192982135389003,-0.7192982135389003
10,-0.7055637040623888,-0.7055637040623888
10,-0.7070923979959028,-0.7070923979959028
10,-0.7111580694793839,-0.7111580694793839
10,-0.7113554511890254,-0.7113554511890254
10,-0.7074324967146032,-0.7074324967146032
10,-0.7542188885983486,-0.7542188885983486
10,-0.7830062203785073,-0.7830062203785073
10,-0.7777355424706593,-0.7777355424706593
10,-0.7712447378409676,-0.7712447378409676
10,-0.7649510022775897,-0.7649510022775897
10,-0.6951183404514105,-0.6951183404514105
10,-0.7231214168286861,-0.7231214168286861
10,-0.7038532711383226,-0.7038532711383226
10,-0.7122834231634971,-0.7122834231634971
10,-0.7001384973596906,-0.7001384973596906
10,-0.7314139101783452,-0.7314139101783452
10,-0.7648307462133715,-0.7648307462133715
10,-0.7315709658288423,-0.7315709658288423
10,-0.7241808657444225,-0.7241808657444225
10,-0.7466823522607545,-0.7466823522607545
10,-0.7348778942705304,-0.7348778942705304
10,-0.7365142576094479,-0.7365142576094479
10,-0.7252049788953092,-0.7252049788953092
10,-0.7084028151745103,-0.7084028151745103
10,-0.7525863057021711,-0.7525863057021711
10,-0.7474266146485226,-0.7474266146485226
10,-0.730852884015298,-0.730852884015298
10,-0.7360418800441955,-0.7360418800441955
10,-0.7246703904292814,-0.7246703904292814
10,-0.6876212731826994,-0.6876212731826994
10,-0.6826086493898859,-0.6826086493898859
10,-0.6742209595555589,-0.6742209595555589
10,-0.6840627896611329,-0.6840627896611329
10,-0.6597594830599801,-0.6597594830599801
10,-0.679294912080505,-0.679294912080505
10,-0.6815129202307257,-0.6815129202307257
10,-0.6829457293523508,-0.6829457293523508
10,-0.6861723558593873,-0.6861723558593873
10,-0.7179832925306653,-0.7179832925306653
10,-0.7191731882888537,-0.7191731882888537
10,-0.7211864622018347,-0.7211864622018347
10,-0.7193523417152189,-0.7193523417152189
10,-0.7743374989838083,-0.7743374989838083
10,-0.7756767094748166,-0.7756767094748166
10,-0.7798459348094839,-0.7798459348094839
10,-0.775916711567363,-0.775916711567363
10,-0.7470051224594348,-0.7470051224594348
10,-0.7487892546096171,-0.7487892546096171
10,-0.7430874639966749,-0.7430874639966749
10,-0.7481371729472392,-0.7481371729472392
10,-0.7280083266752455,-0.7280083266752455
10,-0.728647814944067,-0.728647814944067
10,-0.727852405926126,-0.727852405926126
10,-0.7293324092840576,-0.7293324092840576
10,-0.7241951162191668,-0.7241951162191668
10,-0.723979283978679,-0.723979283978679
10,-0.7267460544169003,-0.7267460544169003
10,-0.7273397203624548,-0.7273397203624548
10,-0.4269710973325124,-0.4269710973325124
10,-0.4090404597534328,-0.4090404597534328
10,-0.4181756464683787,-0.4181756464683787
10,-0.4017669355079653,-0.4017669355079653
10,-0.4194893903982428,-0.4194893903982428
10,-0.4207979459386637,-0.4207979459386637
10,-0.4238393217306327,-0.4238393217306327
10,-0.418110916745294,-0.418110916745294
10,-0.3912779912877499,-0.3912779912877499
10,-0.419253669552302,-0.419253669552302
10,-0.4157873922670685,-0.4157873922670685
10,-0.4135820876188386,-0.4135820876188386
10,-0.4097572524063896,-0.4097572524063896
10,-0.4185191458128786,-0.4185191458128786
10,-0.4515160596932919,-0.4515160596932919
10,-0.495331225200118,-0.495331225200118
10,-0.4679618107057938,-0.4679618107057938
10,-0.4470891238357812,-0.4470891238357812
10,-0.467923709917299,-0.467923709917299
10,-0.4429270947862582,-0.4429270947862582
10,-0.4522589975723752,-0.4522589975723752
10,-0.7059768888521006,-0.7059768888521006
10,-0.716864937090636,-0.716864937090636
10,-0.7149831991745559,-0.7149831991745559
10,-0.7324087966877272,-0.7324087966877272
10,-0.7370726130495902,-0.7370726130495902
10,-0.6895375663603931,-0.6895375663603931
10,-0.704919562510389,-0.704919562510389
10,-0.6744774340676032,-0.6744774340676032
10,-0.6755261335422781,-0.6755261335422781
10,-0.6864523195191833,-0.6864523195191833
10,-0.6719152452072934,-0.6719152452072934
10,-0.8124639767138144,-0.8124639767138144
10,-0.7779784015573861,-0.7779784015573861
10,-0.7806545205767282,-0.7806545205767282
10,-0.782508958239025,-0.782508958239025
10,-0.7769018625568553,-0.7769018625568553
10,-0.7985326449487529,-0.7985326449487529
10,-0.8377313288485917,-0.8377313288485917
10,-0.8034726511339193,-0.8034726511339193
10,-0.805410034304272,-0.805410034304272
10,-0.8060374270097697,-0.8060374270097697
10,-0.8021595738207845,-0.8021595738207845
10,-0.7914525087578955,-0.7914525087578955
10,-0.7611929771211258,-0.7611929771211258
10,-0.7634442159015781,-0.7634442159015781
10,-0.7740960082272498,-0.7740960082272498
10,-0.7582282525956734,-0.7582282525956734
10,-0.7706262299761988,-0.7706262299761988
10,-0.7723124171651014,-0.7723124171651014
10,-0.7747662789165396,-0.7747662789165396
10,-0.7793562162160882,-0.7793562162160882
10,-0.7755294434163775,-0.7755294434163775
10,-0.775650986290215,-0.775650986290215
10,-0.7354067719506825,-0.7354067719506825
10,-0.7457714783887142,-0.7457714783887142
10,-0.7396537599832509,-0.7396537599832509
10,-0.738282103691409,-0.738282103691409
10,-0.7377134683287622,-0.7377134683287622
10,-0.7345928046288464,-0.7345928046288464
10,-0.7367405694137332,-0.7367405694137332
10,-0.7373772443169638,-0.7373772443169638
10,-0.7414719338925166,-0.7414719338925166
10,-0.6985238507819788,-0.6985238507819788
10,-0.7403994246604914,-0.7403994246604914
10,-0.7368191760619671,-0.7368191760619671
10,-0.7563472646435244,-0.7563472646435244
10,-0.7587808315289074,-0.7587808315289074
10,-0.7618051345574378,-0.7618051345574378
10,-0.7615192461345425,-0.7615192461345425
10,-0.7587596624984535,-0.7587596624984535
10,-0.758538617587679,-0.758538617587679
10,-0.7389256381789027,-0.7389256381789027
10,-0.7393626514468369,-0.7393626514468369
10,-0.7430344333824556,-0.7430344333824556
10,-0.7414377367932323,-0.7414377367932323
10,-0.7386831371355851,-0.7386831371355851
10,-0.7392688306012666,-0.7392688306012666
10,-0.7096291327159994,-0.7096291327159994
10,-0.7108872792443224,-0.7108872792443224
10,-0.7135751078237944,-0.7135751078237944
10,-0.7136771798108463,-0.7136771798108463
10,-0.7130449710191255,-0.7130449710191255
10,-0.7114284726507787,-0.7114284726507787
10,-0.7047244895024756,-0.7047244895024756
10,-0.7084256220532053,-0.7084256220532053
10,-0.7089973035595355,-0.7089973035595355
10,-0.7096081343661048,-0.7096081343661048
10,-0.7281313864448514,-0.7281313864448514
10,-0.7146612769019866,-0.7146612769019866
10,-0.726032648175092,-0.726032648175092
10,-0.7302683556666212,-0.7302683556666212
10,-0.7286456981757781,-0.7286456981757781
10,-0.7296225962794887,-0.7296225962794887
10,-0.7613319963622606,-0.7613319963622606
10,-0.7333184962486726,-0.7333184962486726
10,-0.5988125002495713,-0.5988125002495713
10,-0.6186507148265342,-0.6186507148265342
10,-0.7036258386747771,-0.7036258386747771
10,-0.709333650190084,-0.709333650190084
10,-0.7069482499619548,-0.7069482499619548
10,-0.7066378695857879,-0.7066378695857879
10,-0.7234512506032834,-0.7234512506032834
10,-0.7083986811568057,-0.7083986811568057
10,-0.6770120505009674,-0.6770120505009674
10,-0.6783503835005023,-0.6783503835005023
10,-0.6781902390700131,-0.6781902390700131
10,-0.6787026616891777,-0.6787026616891777
10,-0.695275175220273,-0.695275175220273
10,-0.6834612012527138,-0.6834612012527138
10,-0.6612479942385021,-0.6612479942385021
10,-0.6665961779996405,-0.6665961779996405
10,-0.6643025202231677,-0.6643025202231677
10,-0.683677752448676,-0.683677752448676
10,-0.7420576475889233,-0.7420576475889233
10,-0.7481115840797093,-0.7481115840797093
10,-0.7564857996573824,-0.7564857996573824
10,-0.7586128994316466,-0.7586128994316466
10,-0.7529986090741739,-0.7529986090741739
10,-0.7422865684606953,-0.7422865684606953
10,-0.7480509786188221,-0.7480509786188221
10,-0.7514054754329664,-0.7514054754329664
10,-0.7521279221260913,-0.7521279221260913
10,-0.7488737019316559,-0.7488737019316559
10,-0.7225598227474685,-0.7225598227474685
10,-0.7302459987907641,-0.7302459987907641
10,-0.7349746765862847,-0.7349746765862847
10,-0.7359279352198435,-0.7359279352198435
10,-0.7286819155455411,-0.7286819155455411
10,-0.704693220212477,-0.704693220212477
10,-0.7481507533636866,-0.7481507533636866
10,-0.7602484194049162,-0.7602484194049162
10,-0.7456213693310522,-0.7456213693310522
10,-0.7654178829426089,-0.7654178829426089
10,-0.7694759901430536,-0.7694759901430536
10,-0.7739541575895992,-0.7739541575895992
10,-0.7750337188173853,-0.7750337188173853
10,-0.7745820879878245,-0.7745820879878245
10,-0.6306757100271018,-0.6306757100271018
10,-0.6375526622785751,-0.6375526622785751
10,-0.6387175244808342,-0.6387175244808342
10,-0.6499394915658431,-0.6499394915658431
10,-0.642581269208618,-0.642581269208618
10,-0.7028911154412673,-0.7028911154412673
10,-0.7183837811199363,-0.7183837811199363
10,-0.7176129903912631,-0.7176129903912631
10,-0.7278747397238144,-0.7278747397238144
10,-0.7197487172605308,-0.7197487172605308
10,-0.5672450045552162,-0.5672450045552162
10,-0.5703382336006526,-0.5703382336006526
10,-0.5787220886165334,-0.5787220886165334
10,-0.5797976114345563,-0.5797976114345563
10,-0.7088678684240457,-0.7088678684240457
10,-0.7185550482961522,-0.7185550482961522
10,-0.7144997696440433,-0.7144997696440433
10,-0.714299562738763,-0.714299562738763
10,-0.7162286810099039,-0.7162286810099039
10,-0.5387449607545831,-0.5387449607545831
10,-0.5452565119053261,-0.5452565119053261
10,-0.5426305159982197,-0.5426305159982197
10,-0.545930096689498,-0.545930096689498
10,-0.5441203157599116,-0.5441203157599116
10,-0.7273185462123792,-0.7273185462123792
10,-0.7361713655057647,-0.7361713655057647
10,-0.7297353702102445,-0.7297353702102445
10,-0.7304122700675305,-0.7304122700675305
10,-0.7344777364931133,-0.7344777364931133
10,-0.6666263486854801,-0.6666263486854801
10,-0.6733113215013539,-0.6733113215013539
10,-0.668667176284013,-0.668667176284013
10,-0.6696385830714816,-0.6696385830714816
10,-0.6722813622556957,-0.6722813622556957
10,-0.71333065938999,-0.71333065938999
10,-0.7217555872029678,-0.7217555872029678
10,-0.717670533351298,-0.717670533351298
10,-0.7158040475139641,-0.7158040475139641
10,-0.7213887887313636,-0.7213887887313636
